	Mean	STD
Original	66047.26923076923	12702.454837119212
Rarefeita	42242.0	0.0
Normalizada	86725.53846153847	3.8950735080529735
